{"root":[{"assemblyName":"Unity.2D.Animation.Runtime","nameSpace":"UnityEngine.U2D.Animation","className":"GpuDeformationSystem","methodName":"CreateFallbackBuffer","loadTypes":0,"isUnityClass":true},{"assemblyName":"Unity.2D.Animation.Runtime","nameSpace":"","className":"__JobReflectionRegistrationOutput__12640072059193112690","methodName":"EarlyInit","loadTypes":2,"isUnityClass":true},{"assemblyName":"Unity.2D.Animation.Runtime","nameSpace":"","className":"$BurstDirectCallInitializer","methodName":"Initialize","loadTypes":2,"isUnityClass":true},{"assemblyName":"Unity.2D.SpriteShape.Runtime","nameSpace":"","className":"$BurstDirectCallInitializer","methodName":"Initialize","loadTypes":2,"isUnityClass":true},{"assemblyName":"Unity.AdaptivePerformance","nameSpace":"UnityEngine.AdaptivePerformance","className":"AdaptivePerformanceInitializer","methodName":"AutoInitialize","loadTypes":1,"isUnityClass":true},{"assemblyName":"Unity.AdaptivePerformance","nameSpace":"UnityEngine.AdaptivePerformance","className":"AdaptivePerformanceGeneralSettings","methodName":"AttemptInitializeAdaptivePerformanceOnLoad","loadTypes":2,"isUnityClass":true},{"assemblyName":"Unity.AdaptivePerformance","nameSpace":"UnityEngine.AdaptivePerformance","className":"AdaptivePerformanceGeneralSettings","methodName":"AttemptStartAdaptivePerformanceOnBeforeSplashScreen","loadTypes":3,"isUnityClass":true},{"assemblyName":"Unity.Cinemachine","nameSpace":"Unity.Cinemachine","className":"CinemachineStoryboard","methodName":"InitializeModule","loadTypes":0,"isUnityClass":true},{"assemblyName":"Unity.Cinemachine","nameSpace":"Unity.Cinemachine","className":"CameraUpdateManager","methodName":"InitializeModule","loadTypes":0,"isUnityClass":true},{"assemblyName":"Unity.Cinemachine","nameSpace":"Unity.Cinemachine","className":"Damper/AverageFrameRateTracker","methodName":"Initialize","loadTypes":0,"isUnityClass":true},{"assemblyName":"Unity.Cinemachine","nameSpace":"Unity.Cinemachine","className":"UpdateTracker","methodName":"InitializeModule","loadTypes":0,"isUnityClass":true},{"assemblyName":"Unity.Cinemachine","nameSpace":"Unity.Cinemachine","className":"CinemachineImpulseManager","methodName":"InitializeModule","loadTypes":0,"isUnityClass":true},{"assemblyName":"Unity.Collections","nameSpace":"","className":"__JobReflectionRegistrationOutput__1652832624114795843","methodName":"EarlyInit","loadTypes":2,"isUnityClass":true},{"assemblyName":"Unity.Collections","nameSpace":"","className":"$BurstDirectCallInitializer","methodName":"Initialize","loadTypes":2,"isUnityClass":true},{"assemblyName":"Unity.VisualScripting.Core","nameSpace":"Unity.VisualScripting","className":"RuntimeVSUsageUtility","methodName":"RuntimeInitializeOnLoadBeforeSceneLoad","loadTypes":1,"isUnityClass":true}]}
